title,body,labels,status,milestone
B01 — Hybrid Project Structure & Setup,"**Backlog ID**: B01

**Issue #1: Hybrid Project Structure & Setup**

**Description**
Create the hybrid skeleton: file-based content (public/private), static frontend, and a minimal backend folder for auth and private file serving. Establish `.gitignore`, base docs, and basic tooling.

**Learning Goals**
- Compare static vs hybrid vs full-backend delivery and their trade-offs.  
- Practice clean project layout aligned with Clean Architecture layers.  
- Understand how file-based content enables versioning and simplicity.

**Acceptance Criteria**
- [ ] Root folders exist: `content/public`, `content/private`, `frontend`, `backend`, `scripts`, `docs`.  
- [ ] Initial HTML (`frontend/index.html`), `frontend/styles/`, `frontend/js/` scaffolds.  
- [ ] `.gitignore`, `README.md`, and this backlog linked in `docs/`.  
- [ ] Local static server command documented (python http.server).  
- [ ] Dev instructions in `docs/SETUP.md` validated end-to-end.

**Subtasks**
- [ ] Create folder tree and placeholder files.  
- [ ] Add basic favicon/assets placeholders.  
- [ ] Verify static serving at `http://localhost:3000` (or chosen port).

**Depends On**: —

**Suggested Branch**: `feature/issue-1-hybrid-structure`","type-feature, learning-architecture, priority-critical, backlog-import-2025-08",open,Milestone 0
B02 — Metadata System for Content Organization,"**Backlog ID**: B02

**Issue #2: Metadata System for Content Organization**

**Description**
Define and implement `.metadata.json` per folder to describe files, tags, relationships, and optional attributes (difficulty, created, etc.). Include a schema doc and examples.

**Learning Goals**
- Design JSON schemas for content description.  
- Understand metadata-driven rendering and search without a DB.  
- Practice validation and graceful error handling for malformed JSON.

**Acceptance Criteria**
- [ ] Documented schema with fields: title, description, tags, files[], connections[].  
- [ ] Sample metadata files in `content/public/...` and `content/private/...`.  
- [ ] A small validator (JS or Python) that reports errors with line/file.  
- [ ] Guidelines added to `docs/` on authoring metadata.

**Subtasks**
- [ ] Author `docs/metadata_schema.md` with examples.  
- [ ] Implement `scripts/validate_metadata.py` (or JS) with exit codes.  
- [ ] Run on repo to baseline-fix issues.

**Depends On**: #1

**Suggested Branch**: `feature/issue-2-metadata-schema`","type-feature, learning-architecture, component-metadata, priority-critical, backlog-import-2025-08",open,Milestone 0
B03 — Minimal Flask Backend for Authentication,"**Backlog ID**: B03

**Issue #3: Minimal Flask Backend for Authentication**

**Description**
Create a tiny Flask app (3–4 endpoints) for login (JWT), token validate, and private file serving. Include minimal config and CORS. No DB.

**Learning Goals**
- Implement JWT securely (signing, expiration).  
- Learn secure file serving from private directory.  
- Configure CORS and environment variables.

**Acceptance Criteria**
- [ ] `/api/auth/login` issues a JWT upon valid password.  
- [ ] `/api/auth/validate` returns token validity.  
- [ ] `/private/<path>` serves only with valid `Authorization: Bearer` header.  
- [ ] Basic tests for auth success/failure cases.  
- [ ] `backend/requirements.txt` minimal (Flask, PyJWT, Werkzeug).  
- [ ] Security notes: secret management, token TTL, error messages.

**Subtasks**
- [ ] Wire CORS for localhost:3000 → 5000.  
- [ ] Add `.env.example` and config reader.  
- [ ] Unit tests with PyTest/Flask client.

**Depends On**: #1

**Suggested Branch**: `feature/issue-3-flask-auth`","type-feature, learning-architecture, learning-security, component-auth, priority-critical, backlog-import-2025-08",open,Milestone 0
B04 — Development Environment & Dual Server Setup,"**Backlog ID**: B04

**Issue #4: Development Environment & Dual Server Setup**

**Description**
Provide a script to start both servers (frontend static + Flask backend). Ensure logs are readable and CORS works.

**Learning Goals**
- Manage multi-process dev workflows.  
- Understand cross-origin requests and proxy/CORS trade-offs.  
- Build a clean developer experience.

**Acceptance Criteria**
- [ ] `scripts/start_dev.py` (or shell) starts both servers with helpful output.  
- [ ] Confirmed endpoints reachable: `/` (frontend), `/api/auth/login` (backend).  
- [ ] Clear README section for starting/stopping and ports.  
- [ ] Hot-reload guidance (manual refresh acceptable; optional watchdog).

**Subtasks**
- [ ] Add logging prefixes per process.  
- [ ] Document port collisions and remedies.

**Depends On**: #1, #3

**Suggested Branch**: `feature/issue-4-dev-servers`","type-feature, learning-architecture, priority-high, backlog-import-2025-08",open,Milestone 0
B04.1 — Frontend CSS Architecture Setup,"**Backlog ID**: B04.1

**Issue #4.1: Frontend CSS Architecture Setup**

**Description**
Refactor monolithic CSS into modular, component-based architecture following BEM methodology and Clean Architecture principles. Establish scalable stylesheet organization before implementing business logic components.

**Learning Goals**
- BEM methodology implementation and naming conventions
- CSS custom properties system for consistent theming
- Component-based styling patterns vs monolithic approaches
- Responsive design architecture and breakpoint systems
- CSS performance optimization and maintainability

**Security Considerations**
- Prevent CSS injection through proper sanitization
- Implement Content Security Policy for style sources
- Validate CSS custom property values

**Architecture Notes**
- Follows Single Responsibility Principle: each CSS file serves one purpose
- Implements Open/Closed Principle: easy to add new components without modifying existing
- Demonstrates separation of concerns: presentation separated from behavior

**Acceptance Criteria**
- [ ] Break `style.css` into modular structure: `base/`, `components/`, `layouts/`
- [ ] Implement CSS custom properties for colors, spacing, typography
- [ ] Add CSS naming conventions documentation following BEM
- [ ] Create responsive breakpoint system with mobile-first approach
- [ ] Validate no style regressions across existing components
- [ ] Document CSS architecture decisions in `docs/css-architecture.md`

**Subtasks**
- [ ] Create `styles/base/reset.css` for cross-browser normalization
- [ ] Create `styles/base/variables.css` for design tokens
- [ ] Create `styles/base/typography.css` for text styling
- [ ] Create `styles/components/` directory with component-specific styles
- [ ] Create `styles/layouts/` for grid systems and page layouts
- [ ] Update `styles/style.css` to import all modules
- [ ] Add CSS linting configuration (stylelint)

**Depends On**: B01

**Suggested Branch**: `feature/issue-4_1-css-architecture`","type-feature, learning-architecture, component-ui, priority-critical, backlog-import-2025-08",open,Milestone 0
B04.2 — JavaScript Component Architecture Foundation,"**Backlog ID**: B04.2

**Issue #4.2: JavaScript Component Architecture Foundation**

**Description**
Establish ES6 module system and component base classes to prevent embedded JavaScript issues. Create architectural foundation for maintainable, testable UI components before implementing business logic.

**Learning Goals**
- ES6 module system patterns and import/export best practices
- Component lifecycle management (mount, update, unmount)
- Event-driven architecture and component communication
- Clean separation of presentation logic from business logic
- Abstract base classes and inheritance in JavaScript

**Security Considerations**
- Prevent XSS through safe DOM manipulation patterns
- Implement input validation at component boundaries
- Secure event handling to prevent event injection

**Architecture Notes**
- Implements Abstract Factory pattern for component creation
- Uses Observer pattern for component communication
- Follows Single Responsibility: each component has one clear purpose
- Demonstrates Dependency Injection for better testability

**Acceptance Criteria**
- [ ] Create base `Component` class with lifecycle methods (`mount`, `update`, `unmount`)
- [ ] Implement event system for component communication
- [ ] Set up ES6 module import/export patterns throughout frontend
- [ ] Create component registration system for automatic initialization
- [ ] Add development-time component validation and warnings
- [ ] Document component architecture patterns in `docs/component-architecture.md`

**Subtasks**
- [ ] Create `frontend/js/base/Component.js` with abstract base class
- [ ] Create `frontend/js/utils/EventBus.js` for component communication
- [ ] Create `frontend/js/utils/DOM.js` for safe DOM manipulation
- [ ] Create `frontend/js/base/ComponentRegistry.js` for component management
- [ ] Add component lifecycle documentation with examples
- [ ] Set up module bundling configuration for development

**Depends On**: B04.1

**Suggested Branch**: `feature/issue-4_2-js-architecture`","type-feature, learning-architecture, component-ui, priority-critical, backlog-import-2025-08",open,Milestone 0
B04.3 — Mobile Navigation Component Implementation,"**Backlog ID**: B04.3

**Issue #4.3: Mobile Navigation Component Implementation**

**Description**
Implement professional mobile menu with accessibility, progressive enhancement, and smooth animations. Address Copilot feedback about incomplete mobile menu functionality by creating a fully functional component.

**Learning Goals**
- Progressive enhancement implementation (works without JS, enhanced with JS)
- Touch and keyboard interaction patterns for mobile interfaces
- CSS animation performance optimization techniques
- Accessibility-first component design with ARIA attributes
- Component state management and user interaction handling

**Security Considerations**
- Prevent navigation manipulation through secure route validation
- Implement safe event handling to prevent injection attacks
- Ensure focus management doesn't expose sensitive information

**Architecture Notes**
- Follows Strategy pattern for different menu animation types
- Uses Template Method pattern for consistent menu behavior
- Implements Observer pattern for menu state notifications
- Demonstrates polymorphism through interface-based design

**Acceptance Criteria**
- [ ] Implement hamburger menu with smooth CSS animations
- [ ] Add comprehensive keyboard navigation support (Tab, Enter, Escape)
- [ ] Include ARIA attributes and screen reader announcements
- [ ] Create touch gesture support for mobile devices
- [ ] Test across different viewport sizes and orientations
- [ ] Implement focus trap when menu is open
- [ ] Add animation performance monitoring

**Subtasks**
- [ ] Create `MobileMenuComponent` class extending base Component
- [ ] Implement CSS animations using transforms for performance
- [ ] Add ARIA live regions for screen reader updates
- [ ] Create keyboard navigation event handlers
- [ ] Add touch gesture recognition for swipe interactions
- [ ] Implement body scroll lock when menu is open
- [ ] Add comprehensive accessibility testing documentation

**Depends On**: B04.2

**Suggested Branch**: `feature/issue-4_3-mobile-navigation`","type-feature, learning-frontend, component-ui, priority-high, backlog-import-2025-08",open,Milestone 0
B04.4 — Certificate Verification System Implementation,"**Backlog ID**: B04.4

**Issue #4.4: Certificate Verification System Implementation**

**Description**
Replace placeholder certificate verification with functional system. Address Copilot feedback about non-functional verification links and incomplete certificate validation features.

**Learning Goals**
- External API integration security and error handling
- URL validation patterns and security considerations
- User feedback systems for asynchronous operations
- Error handling for third-party service failures
- HTTP request security and data validation

**Security Considerations**
- Validate all certificate verification URLs to prevent redirect attacks
- Implement proper error handling without exposing sensitive information
- Secure HTTP requests with proper headers and timeouts
- Prevent certificate data injection through input validation

**Architecture Notes**
- Uses Strategy pattern for different certificate providers
- Implements Circuit Breaker pattern for external service failures
- Follows Repository pattern for certificate data access
- Demonstrates proper error boundary implementation

**Acceptance Criteria**
- [ ] Replace `href='#'` with actual certificate verification URLs
- [ ] Implement certificate validation API integration
- [ ] Add user feedback for verification status (loading, success, error)
- [ ] Create comprehensive error handling for network failures
- [ ] Add certificate authenticity validation
- [ ] Open verification links in new tabs with proper security attributes

**Subtasks**
- [ ] Create `CertificateVerificationService` class
- [ ] Implement URL validation and sanitization
- [ ] Add loading states and user feedback components
- [ ] Create error handling for various failure scenarios
- [ ] Add certificate provider configuration system
- [ ] Implement caching for verification results

**Depends On**: B04.2

**Suggested Branch**: `feature/issue-4_4-certificate-verification`","type-feature, learning-security, component-ui, priority-medium, backlog-import-2025-08",open,Milestone 0
B05 — Base FileSystem Classes with Encapsulation,"**Backlog ID**: B05

**Issue #5: Base FileSystem Classes with Encapsulation**

**Description**
Create `FileSystemNode`, `ContentFolder`, `ContentFile` classes with private fields, validated paths, and safe operations to list contents and read metadata.

**Learning Goals**
- Encapsulation & SRP in domain modeling.  
- Input/path validation and error handling.  
- Designing testable classes (no DOM access).

**Acceptance Criteria**
- [ ] ES6 modules under `frontend/js/models/`.  
- [ ] Private fields for internal state; getters for safe read.  
- [ ] Unit tests for invalid paths and metadata edge cases.  
- [ ] JSDoc docstrings for each class & method.

**Subtasks**
- [ ] Define interfaces and invariants.  
- [ ] Implement error classes (ValidationError, UnauthorizedError).

**Depends On**: #1, #2

**Suggested Branch**: `feature/issue-5-filesystem-classes`","type-feature, learning-oop, component-files, priority-critical, backlog-import-2025-08",open,Milestone 1
B06 — Content Type Inheritance Hierarchy,"**Backlog ID**: B06

**Issue #6: Content Type Inheritance Hierarchy**

**Description**
Create `ContentItem` abstract base and subclasses: `PDFDocument`, `ImageFile`, `TextDocument`, `NotebookFile` (placeholder) with type-specific preview/info behavior. Add `ContentFactory`.

**Learning Goals**
- IS-A vs HAS-A decisions (inheritance vs composition).  
- Overriding & template method pattern.  
- Factory pattern for extensibility.

**Acceptance Criteria**
- [ ] Base class with abstract `getPreviewInfo()` and shared fields.  
- [ ] Subclasses implement preview/metadata logic.  
- [ ] `ContentFactory.createContentItem()` chooses by extension.  
- [ ] Tests: polymorphic `getPreviewInfo()` and factory coverage ≥ 80%.

**Subtasks**
- [ ] UML sketch (doc) for hierarchy.  
- [ ] Edge-case handling for unknown extensions.

**Depends On**: #5

**Suggested Branch**: `feature/issue-6-content-types`","type-feature, learning-oop, component-files, priority-critical, backlog-import-2025-08",open,Milestone 1
B07 — Polymorphic File Explorer Component,"**Backlog ID**: B07

**Issue #7: Polymorphic File Explorer Component**

**Description**
Build the UI explorer that renders folders/files using the common content interface. Include grid/list views, breadcrumbs, and keyboard navigation.

**Learning Goals**
- Polymorphism in UI rendering and events.  
- Accessibility-first navigation.  
- Separation of presentation vs services.

**Acceptance Criteria**
- [ ] `FileExplorer.js` renders polymorphic cards/rows using `getPreviewInfo()`.  
- [ ] Breadcrumbs, back/forward keyboard shortcuts.  
- [ ] A11y: roles, labels, tab order, `aria-live` for updates.  
- [ ] Works for public and (later) private content toggle.

**Subtasks**
- [ ] Grid and list renderer strategies.  
- [ ] Empty/error states.

**Depends On**: #5, #6, #12

**Suggested Branch**: `feature/issue-7-file-explorer-ui`","type-feature, learning-oop, component-ui, priority-high, backlog-import-2025-08",open,Milestone 1
B08 — Core Frontend Components (Vanilla JS),"**Backlog ID**: B08

**Issue #8: Core Frontend Components (Vanilla JS)**

**Description**
Implement shared UI building blocks: `Modal` (focus trap), `AuthComponent` (login/logout), `GraphUI` (placeholder), `SearchUI` (presentation), plus utilities.

**Learning Goals**
- Modular components with no business logic.  
- BEM CSS, responsive design.  
- Keyboard and screen-reader support.

**Acceptance Criteria**
- [ ] `Modal.js` with focus trap and ESC close.  
- [ ] `AuthComponent.js` basic login form (no token storage yet).  
- [ ] `SearchUI.js` input + results container (no engine).  
- [ ] CSS in `styles/components.css` follows BEM.

**Subtasks**
- [ ] Utility: `dom.js` for qs/qsa, event helpers.  
- [ ] `responsive.css` breakpoints.

**Depends On**: #5

**Suggested Branch**: `feature/issue-8-core-ui`","type-feature, learning-frontend, component-ui, priority-critical, backlog-import-2025-08",open,Milestone 1
B09 — Search Engine with Strategy Pattern,"**Backlog ID**: B09

**Issue #9: Search Engine with Strategy Pattern**

**Description**
Implement `SearchEngine` with pluggable strategies: exact, fuzzy, and tag-based. Debounce user input; rank results.

**Learning Goals**
- Strategy pattern for algorithm swap.  
- Relevance scoring and ranking.  
- Performance considerations in the browser.

**Acceptance Criteria**
- [ ] `SearchEngine` interface + strategies (`ExactMatch`, `Fuzzy`, `TagFilter`).  
- [ ] Debounced search; cancellation of stale requests.  
- [ ] Deterministic ranking; tie-break by recency or path length.  
- [ ] Unit perf test: large index search < 100ms on mid-tier laptop.

**Subtasks**
- [ ] Add `SearchService` wrapper used by `SearchUI`.  
- [ ] Telemetry hooks (console or simple counter) for tuning.

**Depends On**: #10, #12

**Suggested Branch**: `feature/issue-9-search-engine`","type-feature, learning-patterns, component-metadata, priority-critical, backlog-import-2025-08",open,Milestone 2
B10 — Metadata Aggregation & Indexing System,"**Backlog ID**: B10

**Issue #10: Metadata Aggregation & Indexing System**

**Description**
Aggregate all `.metadata.json` across content folders; build an in-memory index suitable for search and graph building. Cache in `localStorage` with versioning.

**Learning Goals**
- Async file loading and error isolation.  
- Index data structures and normalization.  
- Client-side caching/version invalidation.

**Acceptance Criteria**
- [ ] `MetadataService` that loads, validates, and normalizes metadata.  
- [ ] Incremental update support (load-on-demand).  
- [ ] Cache with `indexVersion`; purge on schema change.  
- [ ] Tests for corrupted/missing metadata files.

**Subtasks**
- [ ] Add `scripts/generate_metadata.py` (#25) integration note.  
- [ ] Document index shape in `docs/metadata_schema.md`.

**Depends On**: #2

**Suggested Branch**: `feature/issue-10-indexer`","type-feature, learning-frontend, component-metadata, priority-high, backlog-import-2025-08",open,Milestone 2
B11 — Advanced Filtering & Tagging System,"**Backlog ID**: B11

**Issue #11: Advanced Filtering & Tagging System**

**Description**
Provide UI and logic for filtering by tags, type, difficulty, with AND/OR combinations and URL state persistence.

**Learning Goals**
- UI state modeling and observer pattern.  
- URL routing and deep-linking of filter state.  
- Composability of filters.

**Acceptance Criteria**
- [ ] Tag cloud generated from index with counts.  
- [ ] Multi-criteria filter with AND/OR, clear all, and chips UI.  
- [ ] URL `#search?tags=...&type=...` reflects state.  
- [ ] Tests for filter accuracy and edge cases.

**Subtasks**
- [ ] Debounced filter application.  
- [ ] Keyboard-accessible chips.

**Depends On**: #10

**Suggested Branch**: `feature/issue-11-filtering`","type-feature, learning-frontend, component-metadata, priority-medium, backlog-import-2025-08",open,Milestone 2
B12 — Frontend Services Layer (Vanilla JS),"**Backlog ID**: B12

**Issue #12: Frontend Services Layer (Vanilla JS)**

**Description**
Implement stateless services: `FileSystemService`, `AuthService`, `SearchService`, `GraphService`, `MetadataService`. No DOM. Promise-based APIs with consistent error model.

**Learning Goals**
- Separation of concerns and testability.  
- Async/await API design.  
- Error normalization across services.

**Acceptance Criteria**
- [ ] Service contracts documented; mockable in tests.  
- [ ] All services return `{ok, data|error}` shapes.  
- [ ] Unit tests cover success/failure paths.  
- [ ] No direct DOM access from services.

**Subtasks**
- [ ] Common error types and mappers.  
- [ ] Minimal retry for transient fetch failures.

**Depends On**: #2

**Suggested Branch**: `feature/issue-12-services-layer`","type-feature, component-ui, learning-frontend, priority-high, backlog-import-2025-08",open,Milestone 2
B13 — Graph Data Structure & Connection Management,"**Backlog ID**: B13

**Issue #13: Graph Data Structure & Connection Management**

**Description**
Build graph nodes/edges from metadata connections with weights and utilities for traversal (BFS/DFS), shortest path, and clustering.

**Learning Goals**
- Graph data structures and traversal algorithms.  
- Weighting/normalization for recommendations.  
- Performance tuning for graph ops.

**Acceptance Criteria**
- [ ] `GraphService` exposes `neighbors()`, `shortestPath()`, `cluster()`.  
- [ ] Connection strength computed and capped 0..1.  
- [ ] Test suite with known graphs and expected paths/clusters.

**Subtasks**
- [ ] Defensive handling for missing nodes.  
- [ ] Serialization format documented.

**Depends On**: #10

**Suggested Branch**: `feature/issue-13-graph-data`","type-feature, learning-frontend, component-graph, priority-critical, backlog-import-2025-08",open,Milestone 2
B14 — Interactive Graph Visualization Component,"**Backlog ID**: B14

**Issue #14: Interactive Graph Visualization Component**

**Description**
Render graph with Canvas or SVG, supporting pan/zoom, node drag, highlighting neighbors, and responsive layouts.

**Learning Goals**
- Canvas/SVG rendering pipelines.  
- Event handling for complex interactions.  
- Layout algorithms (force-directed or simple radial).

**Acceptance Criteria**
- [ ] Smooth pan/zoom at ≥ 50 FPS on mid-tier laptop.  
- [ ] Hover/selection highlights neighbors and path to selection.  
- [ ] Mobile gestures for pan/zoom.  
- [ ] Resize observer for responsiveness.

**Subtasks**
- [ ] Option to throttle redraw with `requestAnimationFrame`.  
- [ ] Accessibility: text labels with `aria-hidden` mirroring list.

**Depends On**: #13

**Suggested Branch**: `feature/issue-14-graph-viz`","type-feature, learning-frontend, component-graph, priority-high, backlog-import-2025-08",open,Milestone 2
B15 — Graph‑Based Navigation & Discovery,"**Backlog ID**: B15

**Issue #15: Graph‑Based Navigation & Discovery**

**Description**
Use the graph to surface related content, breadcrumb-like path trails, and suggested learning paths by difficulty.

**Learning Goals**
- Intro to recommendation heuristics.  
- Contextual navigation design.  
- Progressive disclosure UX.

**Acceptance Criteria**
- [ ] “Related content” sidebar with ranked items.  
- [ ] Path trail (topic → … → topic) from current node.  
- [ ] Basic learning path generator (beginner→advanced).  
- [ ] Tests validating suggestion rules.

**Subtasks**
- [ ] Toggle suggestions by tag/topic.  
- [ ] Cache last suggestions.

**Depends On**: #14

**Suggested Branch**: `feature/issue-15-graph-discovery`","type-feature, learning-frontend, component-graph, priority-medium, backlog-import-2025-08",open,Milestone 2
B16 — Minimal Backend Authentication System,"**Backlog ID**: B16

**Issue #16: Minimal Backend Authentication System**

**Description**
Finalize JWT login, validate, and logout flows with password hashing and environment‑based secrets. No user DB; single admin secret for MVP.

**Learning Goals**
- Password hashing & verification.  
- Token TTL/refresh strategies.  
- Secure error messages and rate limiting (basic).

**Acceptance Criteria**
- [ ] `/api/auth/login`, `/api/auth/validate`, `/api/auth/logout` (if applicable).  
- [ ] Hashed password via env var (bcrypt/werkzeug).  
- [ ] JWT expiration (24h default) and clock skew handling.  
- [ ] Tests: invalid/expired tokens, brute‑force throttle (simple counter).

**Subtasks**
- [ ] Add security headers middleware.  
- [ ] Error audit: no sensitive info in responses.

**Depends On**: #3

**Suggested Branch**: `feature/issue-16-auth-system`","type-feature, learning-security, component-auth, priority-critical, backlog-import-2025-08",open,Milestone 3
B17 — Private Content Access Control,"**Backlog ID**: B17

**Issue #17: Private Content Access Control**

**Description**
Guard private routes in UI and fetch flows; show authenticated-only sections and restrict navigation.

**Learning Goals**
- Conditional rendering and guards.  
- Security UX (clear states, no leaks).  
- File serving with token headers.

**Acceptance Criteria**
- [ ] `AuthService` stores token securely (localStorage + memory).  
- [ ] `FileSystemService` uses `Authorization: Bearer` for private paths.  
- [ ] UI reflects auth state (header, lock icons, blocked actions).  
- [ ] Tests: unauthorized fetch returns 401/redirect flow.

**Subtasks**
- [ ] “Remember me” token persistence toggle.  
- [ ] Logout clears all sensitive caches.

**Depends On**: #16

**Suggested Branch**: `feature/issue-17-access-control`","type-feature, learning-security, component-files, priority-critical, backlog-import-2025-08",open,Milestone 3
B18 — Secure Session Management (Vanilla JS),"**Backlog ID**: B18

**Issue #18: Secure Session Management (Vanilla JS)**

**Description**
Client‑side session timer, idle timeout, clock drift checks, and token renewal UX (if implemented) with robust error handling.

**Learning Goals**
- Session hijacking/threat modeling basics.  
- Idle timeout and renewal patterns.  
- Defensive coding for network failures.

**Acceptance Criteria**
- [ ] Idle timer auto‑logout after N minutes (configurable).  
- [ ] Foreground renewal prompt when close to expiry.  
- [ ] All token errors produce safe, user‑friendly messages.  
- [ ] Unit tests for timers and edge cases.

**Subtasks**
- [ ] Optional: visibility‑based pause of idle timer.  
- [ ] Centralized error codes/messages.

**Depends On**: #16

**Suggested Branch**: `feature/issue-18-session-mgmt`","type-feature, learning-security, component-auth, priority-high, backlog-import-2025-08",open,Milestone 3
B19 — App Shell & Routing (Vanilla JS),"**Backlog ID**: B19

**Issue #19: App Shell & Routing (Vanilla JS)**

**Description**
Implement hash‑based router (`#/home`, `#/search`, `#/graph`, `#/private`) with view registration and 404 fallback.

**Learning Goals**
- SPA routing fundamentals without frameworks.  
- Title/meta updates and scroll restoration.  
- Guarded routes for auth.

**Acceptance Criteria**
- [ ] Router module with `register(route, view)` and `navigate()` API.  
- [ ] 404 page and not‑found analytics counter.  
- [ ] Per‑route title/meta; focus management on navigation.  
- [ ] Simple smoke tests for route transitions.

**Subtasks**
- [ ] Route guards integrate with `AuthService`.  
- [ ] Back/forward browser support.

**Depends On**: #8, #12

**Suggested Branch**: `feature/issue-19-routing`","type-feature, learning-frontend, component-ui, priority-critical, backlog-import-2025-08",open,Milestone 4
B20 — Global Styling System (BEM + CSS Utilities),"**Backlog ID**: B20

**Issue #20: Global Styling System (BEM + CSS Utilities)**

**Description**
Create CSS architecture: tokens (colors/spacing), resets, layout utilities, and responsive breakpoints using BEM.

**Learning Goals**
- Scalable CSS systems.  
- Dark/light readiness and theming.  
- Performance (avoid heavy selectors).

**Acceptance Criteria**
- [ ] `styles/main.css`, `styles/components.css`, `styles/responsive.css`.  
- [ ] CSS variables for color/spacing; optional dark tokens.  
- [ ] No inline styles; audit of naming consistency.  
- [ ] A11y: visible focus states and contrast checks.

**Subtasks**
- [ ] Print styles for PDFs/images.  
- [ ] Lint with stylelint (optional).

**Depends On**: #8

**Suggested Branch**: `feature/issue-20-styling`","type-feature, component-ui, priority-high, backlog-import-2025-08",open,Milestone 4
B21 — Accessibility & Keyboard Navigation,"**Backlog ID**: B21

**Issue #21: Accessibility & Keyboard Navigation**

**Description**
Add global a11y enhancements: skip links, focus traps, keyboard shortcuts, ARIA roles, and semantic headings.

**Learning Goals**
- Practical WCAG practices.  
- Keyboard-first navigation.  
- Screen reader testing basics.

**Acceptance Criteria**
- [ ] Skip‑to‑content link works across views.  
- [ ] Keyboard map documented; modals trap focus.  
- [ ] Landmarks and roles assigned; headings logical.  
- [ ] A11y smoke test doc with findings.

**Subtasks**
- [ ] Live region for async results.  
- [ ] Reduced motion preference respected.

**Depends On**: #8

**Suggested Branch**: `feature/issue-21-a11y`","type-feature, component-ui, priority-high, backlog-import-2025-08",open,Milestone 4
B22 — Error States & Empty States UX,"**Backlog ID**: B22

**Issue #22: Error States & Empty States UX**

**Description**
Define consistent patterns for network errors, empty results, and unknown routes with helpful recovery actions.

**Learning Goals**
- UX writing for errors.  
- Diagnostics exposure without leaking internals.  
- Testing unhappy paths.

**Acceptance Criteria**
- [ ] Error boundary wrapper for views.  
- [ ] Inline error banners with retry and diagnostics toggle.  
- [ ] Empty state illustrations/text; tracking of frequency.  
- [ ] Unit tests simulate network failures.

**Subtasks**
- [ ] Centralized error catalog.

**Depends On**: #7, #12

**Suggested Branch**: `feature/issue-22-error-empty`","type-feature, component-ui, priority-medium, backlog-import-2025-08",open,Milestone 4
B23 — Frontend Build Lite (Optional Minifier Only),"**Backlog ID**: B23

**Issue #23: Frontend Build Lite (Optional Minifier Only)**

**Description**
Add a tiny build step (esbuild/terser or Python) for minifying JS/CSS and cache‑busting via hashed filenames.

**Learning Goals**
- Build pipelines and asset hashing.  
- Cache control strategies for static hosting.

**Acceptance Criteria**
- [ ] Minify JS/CSS; copy assets to `dist/`.  
- [ ] Filename hashing + manifest mapping.  
- [ ] Updated deployment docs to serve `dist/`.

**Subtasks**
- [ ] Simple Node or Python script; no bundling required.

**Depends On**: #19, #20

**Suggested Branch**: `feature/issue-23-build-lite`","type-enhancement, component-ui, priority-low, backlog-import-2025-08",open,Milestone 4
B24 — Navigation Header & Footer Components,"**Backlog ID**: B24

**Issue #24: Navigation Header & Footer Components**

**Description**
Reusable header/footer with active route highlighting, auth indicator, and responsive menu.

**Learning Goals**
- Component reuse and state wiring.  
- Mobile nav patterns.  
- Semantic landmarks.

**Acceptance Criteria**
- [ ] Header with current route highlight; auth state icon/text.  
- [ ] Footer shows version/build date; links to docs.  
- [ ] Mobile menu expands/collapses via keyboard and touch.

**Subtasks**
- [ ] Add “skip to nav” link.

**Depends On**: #19, #20

**Suggested Branch**: `feature/issue-24-nav`","type-feature, component-ui, priority-medium, backlog-import-2025-08",open,Milestone 4
B25 — generate_metadata.py,"**Backlog ID**: B25

**Issue #25: generate_metadata.py**

**Description**
Scan content folders and produce baseline `.metadata.json` where missing; merge safely when present.

**Learning Goals**
- Filesystem traversal.  
- Idempotent scripts and dry‑run patterns.  
- Safe JSON writing/merging.

**Acceptance Criteria**
- [ ] Dry‑run prints intended changes; real run writes.  
- [ ] Never overwrites custom fields without explicit flag.  
- [ ] Unit tests on sample trees.

**Subtasks**
- [ ] Config for ignore/include patterns.

**Depends On**: #2

**Suggested Branch**: `feature/issue-25-generate-metadata`","type-feature, component-utilities, priority-medium, backlog-import-2025-08",open,Milestone 4
B26 — validate_connections.py,"**Backlog ID**: B26

**Issue #26: validate_connections.py**

**Description**
Validate that all `connections[].to` targets exist; report missing nodes, cycles (optional), and invalid strengths.

**Learning Goals**
- Data validation and reporting.  
- CI‑friendly exit codes.

**Acceptance Criteria**
- [ ] CLI outputs human‑readable summary + machine‑readable JSON.  
- [ ] Exit code 1 on invalid; 0 on success.  
- [ ] Integration note for CI job.

**Subtasks**
- [ ] Option to auto‑fix common mistakes (case, trailing slash).

**Depends On**: #10

**Suggested Branch**: `feature/issue-26-validate-connections`","type-feature, component-utilities, priority-medium, backlog-import-2025-08",open,Milestone 4
B27 — deploy.py,"**Backlog ID**: B27

**Issue #27: deploy.py**

**Description**
Automate build + publish to GitHub Pages/Netlify and ping backend health if used.

**Learning Goals**
- Deployment scripting and env injection.  
- Post‑deploy verification.

**Acceptance Criteria**
- [ ] Builds to `dist/`, publishes, verifies 200 on homepage.  
- [ ] Optional: backend healthcheck endpoint ping.  
- [ ] Rollback notes documented.

**Subtasks**
- [ ] Secrets/keys handled via env vars.

**Depends On**: #23, #39

**Suggested Branch**: `feature/issue-27-deploy`","type-feature, component-utilities, priority-medium, backlog-import-2025-08",open,Milestone 4
B28 — Frontend Unit Tests (Vanilla JS),"**Backlog ID**: B28

**Issue #28: Frontend Unit Tests (Vanilla JS)**

**Description**
Test services and DOM-light components; set up coverage reporting and CI gate.

**Learning Goals**
- Testable architecture.  
- Deterministic unit tests.  
- Coverage instrumentation.

**Acceptance Criteria**
- [ ] Test runner configured (e.g., Vitest/Jest without bundling).  
- [ ] Coverage threshold ≥ 70% project-wide.  
- [ ] Mocks for services; snapshot tests for simple markup.

**Subtasks**
- [ ] CI workflow to run tests on PR.

**Depends On**: #5, #8, #12, #19

**Suggested Branch**: `feature/issue-28-frontend-tests`","type-feature, component-testing, priority-high, backlog-import-2025-08",open,Milestone 4
B29 — Backend Tests (Flask),"**Backlog ID**: B29

**Issue #29: Backend Tests (Flask)**

**Description**
Unit/integration tests for auth endpoints and private file serving.

**Learning Goals**
- API testing with Flask client.  
- Fixtures and token helpers.

**Acceptance Criteria**
- [ ] Happy path login/validate; 401s for bad password/token.  
- [ ] Private file 401 without token; 200 with token; 404 for missing.  
- [ ] Rate-limit simulation test (basic).

**Subtasks**
- [ ] PyTest config & coverage report.

**Depends On**: #3, #16

**Suggested Branch**: `feature/issue-29-backend-tests`","type-feature, component-testing, priority-high, backlog-import-2025-08",open,Milestone 4
B30 — Integration Tests (Dev Environment),"**Backlog ID**: B30

**Issue #30: Integration Tests (Dev Environment)**

**Description**
E2E flow: login → navigate to private → open file → logout; plus search and graph basic journeys.

**Learning Goals**
- Black‑box testing mindset.  
- Deterministic fixtures.

**Acceptance Criteria**
- [ ] Headless browser or script validating UI+API integration.  
- [ ] Stable sample content under `content/private/_samples`.  
- [ ] CI job runs E2E nightly and on PR label.

**Subtasks**
- [ ] Retry helpers and screenshots on failure (optional).

**Depends On**: #4, #7, #16, #17

**Suggested Branch**: `feature/issue-30-e2e`","type-feature, component-testing, priority-high, backlog-import-2025-08",open,Milestone 4
B31 — Security Tests & Static Checks,"**Backlog ID**: B31

**Issue #31: Security Tests & Static Checks**

**Description**
Add static analysis (JS/CSS/Python), token tamper/replay tests, and basic dependency audit.

**Learning Goals**
- Shift-left security.  
- Threat modeling to test cases.

**Acceptance Criteria**
- [ ] ESLint/stylelint/flake8 configured in CI.  
- [ ] Token replay/tamper tests fail safely.  
- [ ] Dependency audit step (npm/pip) with report.

**Subtasks**
- [ ] Baseline vulnerabilities list in `docs/security.md`.

**Depends On**: #16, #18

**Suggested Branch**: `feature/issue-31-security-static`","type-feature, component-testing, priority-medium, backlog-import-2025-08",open,Milestone 4
B32 — Keep README & Architecture Docs Updated,"**Backlog ID**: B32

**Issue #32: Keep README & Architecture Docs Updated**

**Description**
Continuously align README, architecture diagrams, and change log with the codebase.

**Learning Goals**
- Docs-as-code workflows.  
- Communicating design decisions.

**Acceptance Criteria**
- [ ] README quickstart verified quarterly or per milestone.  
- [ ] Diagrams updated for major structure changes.  
- [ ] `docs/CHANGELOG.md` entries per release.

**Subtasks**
- [ ] Doc CI check (links, anchors).

**Depends On**: Ongoing

**Suggested Branch**: `docs/issue-32-readme-arch`","type-documentation, component-docs, priority-medium, backlog-import-2025-08",open,Milestone 4
B33 — User Guide — Content & Metadata,"**Backlog ID**: B33

**Issue #33: User Guide — Content & Metadata**

**Description**
Write a user-facing guide on adding files, writing metadata, and linking topics.

**Learning Goals**
- Clear instructional writing.  
- Examples-first documentation.

**Acceptance Criteria**
- [ ] Step-by-step guide with screenshots/GIFs.  
- [ ] FAQs and common errors section.  
- [ ] Cross-links to schema and tools.

**Subtasks**
- [ ] Short video/gif capture pipeline (optional).

**Depends On**: #2, #10

**Suggested Branch**: `docs/issue-33-user-guide`","type-documentation, component-docs, priority-medium, backlog-import-2025-08",open,Milestone 4
B34 — Developer Guide — Setup & Workflow,"**Backlog ID**: B34

**Issue #34: Developer Guide — Setup & Workflow**

**Description**
Consolidate setup steps, scripts reference, debugging tips, and quality gates for onboarding.

**Learning Goals**
- Onboarding experience.  
- Troubleshooting checklists.

**Acceptance Criteria**
- [ ] End-to-end local setup with screenshots.  
- [ ] Known issues & fixes page.  
- [ ] Links to tests, scripts, and style guides.

**Subtasks**
- [ ] “First bug to fix” checklist for newcomers.

**Depends On**: #4, #28, #29

**Suggested Branch**: `docs/issue-34-developer-guide`","type-documentation, component-docs, priority-medium, backlog-import-2025-08",open,Milestone 4
B35 — Client‑Side Caching & Prefetching,"**Backlog ID**: B35

**Issue #35: Client‑Side Caching & Prefetching**

**Description**
Cache indexes and metadata with versioning; prefetch likely-next content on hover/idle.

**Learning Goals**
- Cache invalidation strategies.  
- UX vs bandwidth trade-offs.

**Acceptance Criteria**
- [ ] Versioned cache with purge controls.  
- [ ] Prefetch heuristics (hover, idle).  
- [ ] Metrics: cache hit rate logged.

**Subtasks**
- [ ] Toggle prefetch via settings.

**Depends On**: #10, #19

**Suggested Branch**: `feature/issue-35-caching`","type-feature, component-performance, priority-medium, backlog-import-2025-08",open,Milestone 4
B36 — Search Index Compression,"**Backlog ID**: B36

**Issue #36: Search Index Compression**

**Description**
Compact index data structures; optionally gzip/brotli via hosting.

**Learning Goals**
- Data compaction techniques.  
- Measuring size vs accuracy.

**Acceptance Criteria**
- [ ] Memory footprint reduced by ≥ 30% without accuracy loss.  
- [ ] Load time improvement reported.  
- [ ] Configurable compression toggle.

**Subtasks**
- [ ] Benchmark script.

**Depends On**: #10, #9

**Suggested Branch**: `feature/issue-36-index-compress`","type-feature, component-performance, priority-medium, backlog-import-2025-08",open,Milestone 4
B37 — Graph Rendering Optimization,"**Backlog ID**: B37

**Issue #37: Graph Rendering Optimization**

**Description**
Optimize the graph visualization for large node counts with batching and level-of-detail.

**Learning Goals**
- Rendering pipelines and throttling.  
- LOD techniques.

**Acceptance Criteria**
- [ ] Stable ≥ 50 FPS for 1k nodes on mid-tier laptop.  
- [ ] LOD reduces labels/edges when zoomed out.  
- [ ] Perf diagnostics overlay.

**Subtasks**
- [ ] Frame scheduler utility.

**Depends On**: #14

**Suggested Branch**: `feature/issue-37-graph-perf`","type-feature, component-performance, priority-medium, backlog-import-2025-08",open,Milestone 4
B38 — Asset Optimization & Lazy Loading,"**Backlog ID**: B38

**Issue #38: Asset Optimization & Lazy Loading**

**Description**
Implement lazy loading for images/PDFs, compress assets, and defer non-critical JS.

**Learning Goals**
- Modern image formats, responsive images.  
- Defer/async scripts best practices.

**Acceptance Criteria**
- [ ] Lazy load non-critical assets with placeholders.  
- [ ] Lighthouse performance ≥ 90 on homepage.  
- [ ] Compression pipeline documented.

**Subtasks**
- [ ] Generate thumbnails for large images.

**Depends On**: #20, #23

**Suggested Branch**: `feature/issue-38-asset-opt`","type-feature, component-performance, priority-medium, backlog-import-2025-08",open,Milestone 4
B39 — Static Site Deployment & Hosting Configuration,"**Backlog ID**: B39

**Issue #39: Static Site Deployment & Hosting Configuration**

**Description**
Harden production deploy: static CDN hosting for frontend, optional backend host, security headers, HTTPS, and monitoring/analytics.

**Learning Goals**
- Static hosting configs and headers.  
- Basic monitoring/analytics wiring.

**Acceptance Criteria**
- [ ] GitHub Pages/Netlify config committed; custom domain optional.  
- [ ] Security headers and HTTPS enforced.  
- [ ] Monitoring enabled; baseline error budget defined.  
- [ ] Deployment guide finalized in `docs/`.

**Subtasks**
- [ ] Healthcheck route + uptime check.

**Depends On**: #23, #27

**Suggested Branch**: `feature/issue-39-deploy-config`","type-feature, component-performance, priority-high, backlog-import-2025-08",open,Milestone 4
